filename,generated_caption,critique_notes
stone_axe.png,an ancient stone axe tool used in the stone age,it's an axe from the stone age
Hieroglph_wall.jpg,ancient Egyptian hieroglyphs carved into a stone wall,Egyptian Hieroglyph wall
flint_knife_stone_age.png,a primitive flint knife used in prehistoric times,stone age flint knife
mjollnir-6074194_960_720.jpg,a Norse artifact shaped like Thor's hammer,it's Thor's hammer
Samartian-Persian_necklace_and_amulet.png,a Persian necklace and amulet with intricate designs,Persian necklace and amulet
69bcabd8-5ad1-42fe-ae74-7032455ecfff.jpg,a small ancient idol carved from stone,ancient stone-made small idol
Birckala_1017_spoon.jpg,a historic spoon from Birckala with ancient patterns,Birckala spoon
museum-7995207_1280.jpg,an antique teapot displayed in a museum,ancient teapot
images.jpeg,a golden ornamental vase placed on a museum table,a golden vase sitting on top of a table
griffin-171407_640.jpg,a ceremonial eagle-shaped teapot from ancient times,ancient teapot shaped like an eagle
Mycenaean_stirrup_vase_Louvre_AO19201 (1).jpg,a Mycenaean stirrup vase displayed at the Louvre,a ceramic vase on display in a museum
1024px-The_Curmsun_Disc_-_Obverse.png,a golden disc engraved with ancient symbols,a plate with a bunch of different types of symbols on it
90f757c9-4b43-4b3d-a0fd-a1471997a7f4.jpg,an ancient ceramic vase with repeated pottery patterns,a ceramic vase like for pottery
